Metric,Value
Heart Rate (BPM),62.585475533715034
SDNN (ms),155.4779861572648
RMSSD (ms),260.12016576809054
pNN50 (%),81.81818181818183
